{
    "l_index_finger_00_fk_02_ctl": {
        "translate": [
            5.329070518200751e-15, 
            0.0, 
            -3.552713678800501e-15
        ]
    }, 
    "l_ring_finger_00_fk_01_ctl": {
        "translate": [
            0.0, 
            0.0, 
            -1.3322676295501878e-15
        ], 
        "rotate": [
            0.0, 
            -2.8198290124669687, 
            0.0
        ]
    }, 
    "l_pinky_finger_00_fk_01_ctl": {
        "translate": [
            -1.7763568394002505e-15, 
            2.842170943040401e-14, 
            -7.105427357601002e-15
        ], 
        "rotate": [
            0.0, 
            -22.173457719343, 
            0.0
        ]
    }, 
    "l_pinky_finger_00_fk_00_ctl": {
        "translate": [
            0.0, 
            2.842170943040401e-14, 
            -2.6645352591003757e-15
        ], 
        "rotate": [
            0.0, 
            -8.454584430660876, 
            0.0
        ]
    }, 
    "l_thumb_finger_00_fk_00_ctl": {
        "translate": [
            4.440892098500626e-16, 
            -3.552713678800501e-15, 
            0.0
        ]
    }, 
    "l_thumb_finger_00_fk_01_ctl": {
        "translate": [
            -3.552713678800501e-15, 
            8.881784197001252e-15, 
            0.0
        ]
    }, 
    "l_middle_finger_00_fk_00_ctl": {}, 
    "l_index_finger_00_fk_03_ctl": {
        "translate": [
            7.105427357601002e-15, 
            2.842170943040401e-14, 
            0.0
        ]
    }, 
    "l_middle_finger_00_fk_03_ctl": {
        "translate": [
            1.4210854715202004e-14, 
            2.842170943040401e-14, 
            -5.551115123125783e-17
        ]
    }, 
    "l_ring_finger_00_fk_02_ctl": {
        "translate": [
            5.329070518200751e-15, 
            0.0, 
            8.881784197001252e-16
        ]
    }, 
    "l_pinky_finger_00_fk_02_ctl": {
        "translate": [
            -2.220446049250313e-15, 
            0.0, 
            7.105427357601002e-15
        ]
    }, 
    "l_index_finger_00_fk_00_ctl": {
        "translate": [
            0.0, 
            0.0, 
            -1.3322676295501878e-15
        ], 
        "rotate": [
            0.0, 
            3.034614367467092, 
            0.0
        ]
    }, 
    "l_index_finger_00_fk_01_ctl": {
        "translate": [
            7.105427357601002e-15, 
            -2.842170943040401e-14, 
            -8.881784197001252e-16
        ], 
        "rotate": [
            0.0, 
            2.882809736538054, 
            0.0
        ]
    }, 
    "l_ring_finger_00_fk_03_ctl": {
        "translate": [
            1.4210854715202004e-14, 
            0.0, 
            -3.552713678800501e-15
        ]
    }, 
    "driver_value": 10.0, 
    "l_pinky_finger_00_fk_03_ctl": {
        "translate": [
            3.885780586188048e-15, 
            0.0, 
            -7.105427357601002e-15
        ]
    }, 
    "l_middle_finger_00_fk_02_ctl": {
        "translate": [
            1.4210854715202004e-14, 
            0.0, 
            0.0
        ]
    }, 
    "l_middle_finger_00_fk_01_ctl": {
        "translate": [
            -2.1316282072803006e-14, 
            0.0, 
            -4.440892098500626e-16
        ]
    }, 
    "l_thumb_finger_00_fk_02_ctl": {
        "translate": [
            -5.329070518200751e-15, 
            7.105427357601002e-15, 
            -2.842170943040401e-14
        ]
    }, 
    "l_ring_finger_00_fk_00_ctl": {
        "translate": [
            2.842170943040401e-14, 
            0.0, 
            0.0
        ], 
        "rotate": [
            0.0, 
            -8.279796194474217, 
            0.0
        ]
    }, 
    "driver": "l_arm_00_param_00_ctl"
}