{
    "l_index_finger_00_fk_02_ctl": {
        "rotate": [
            0.0, 
            0.0, 
            -81.47378328698852
        ]
    }, 
    "l_ring_finger_00_fk_01_ctl": {
        "rotate": [
            0.0, 
            0.0, 
            -61.37145504659481
        ]
    }, 
    "l_pinky_finger_00_fk_01_ctl": {
        "rotate": [
            0.0, 
            0.0, 
            -61.37145504659481
        ]
    }, 
    "l_pinky_finger_00_fk_00_ctl": {}, 
    "l_thumb_finger_00_fk_00_ctl": {}, 
    "l_thumb_finger_00_fk_01_ctl": {
        "rotate": [
            0.0, 
            0.0, 
            -48.110461470441194
        ]
    }, 
    "l_middle_finger_00_fk_00_ctl": {}, 
    "l_index_finger_00_fk_03_ctl": {
        "rotate": [
            0.0, 
            0.0, 
            -61.37145504659481
        ]
    }, 
    "l_middle_finger_00_fk_03_ctl": {
        "rotate": [
            0.0, 
            0.0, 
            -61.37145504659481
        ]
    }, 
    "l_ring_finger_00_fk_02_ctl": {
        "rotate": [
            0.0, 
            0.0, 
            -61.37145504659481
        ]
    }, 
    "l_pinky_finger_00_fk_02_ctl": {
        "rotate": [
            0.0, 
            0.0, 
            -61.37145504659481
        ]
    }, 
    "l_index_finger_00_fk_00_ctl": {}, 
    "l_index_finger_00_fk_01_ctl": {
        "rotate": [
            0.0, 
            0.0, 
            -61.37145504659481
        ]
    }, 
    "l_ring_finger_00_fk_03_ctl": {
        "rotate": [
            0.0, 
            0.0, 
            -61.37145504659481
        ]
    }, 
    "driver_value": 10.0, 
    "l_pinky_finger_00_fk_03_ctl": {
        "rotate": [
            0.0, 
            0.0, 
            -61.37145504659481
        ]
    }, 
    "l_middle_finger_00_fk_02_ctl": {
        "rotate": [
            0.0, 
            0.0, 
            -70.1237595418227
        ]
    }, 
    "l_middle_finger_00_fk_01_ctl": {
        "rotate": [
            0.0, 
            0.0, 
            -61.37145504659481
        ]
    }, 
    "l_thumb_finger_00_fk_02_ctl": {
        "rotate": [
            0.0, 
            0.0, 
            -83.17806318307241
        ]
    }, 
    "l_ring_finger_00_fk_00_ctl": {}, 
    "driver": "l_arm_00_param_00_ctl"
}